wage,educ,fatheduc,motheduc,inlf,hours,kidslt6,kidsge6,age,huswage,mtr,unem,city,exper
3.354,12,7,12,1,1610,1,0,32,4.0288,0.7215,5,0,14
1.3889,12,7,7,1,1656,0,2,30,8.4416,0.6615,11,1,5
4.5455,12,7,12,1,NA,1,3,35,3.5807,0.6915,5,0,15
1.0965,12,7,7,1,456,0,3,34,3.5417,0.7815,5,0,6
4.5918,14,14,NA,1,1568,1,2,31,10,0.6215,9.5,1,7
4.7421,12,7,14,1,2032,0,0,NA,6.7106,0.6915,7.5,1,33
8.3333,NA,7,14,1,1440,0,2,37,3.4277,0.6915,5,0,11
7.8431,12,3,3,1,1020,0,0,54,2.5485,0.6915,5,0,35
2.1262,12,7,7,1,1458,0,2,NA,4.2206,0.7515,3,0,24
4.6875,12,7,7,1,1600,0,2,39,5.7143,0.6915,5,0,21
NA,12,3,12,1,1969,0,1,33,9.7959,0.5815,5,0,15
4.5918,11,7,14,1,1960,0,1,42,8,0.6215,5,0,14
2.0833,12,16,16,1,240,NA,2,30,5.3004,0.7215,5,0,0
2.2668,12,10,10,1,997,0,2,43,4.3413,0.7215,7.5,1,14
3.6797,10,7,7,1,1848,0,1,43,10.87,0.5815,NA,1,6
1.3472,11,10,16,1,1224,0,3,35,9.1499,0.7215,7.5,1,9
3.2143,12,7,10,1,1400,0,2,43,6.1224,0.6915,7.5,1,20
5.175,12,12,12,1,640,0,5,39,6.1498,0.7215,7.5,1,6
2,12,7,7,1,2e3,0,0,45,6.917,0.6915,NA,1,23
7.5529,12,7,12,1,1324,0,4,35,NA,0.6915,5,0,9
3.5052,16,16,10,1,2215,0,2,42,3.131,NA,7.5,0,5
3.5714,12,10,12,1,1680,0,0,30,4,NA,3,0,11
3.25,13,3,7,1,1600,0,0,48,7.2227,0.6615,5,1,18
3.25,12,7,7,1,800,NA,0,45,7.9652,0.7215,11,0,15
2.1545,12,7,12,1,1955,NA,1,31,4.0884,0.7515,5,1,4
3.7879,17,14,16,1,660,0,2,43,14.181,0.5815,9.5,NA,21
4,12,7,3,1,525,0,0,59,6.5359,0.6915,9.5,1,31
4.7269,12,7,3,1,1904,0,3,32,8.5,0.6615,11,1,9
7.2559,17,12,12,NA,1516,1,0,31,6.2762,0.6215,5,0,7
5.8671,12,12,12,1,NA,0,0,42,5.2083,0.7215,9.5,0,7
1.5385,11,7,7,1,1040,0,0,50,2.7821,NA,7.5,1,32
2.459,16,3,3,1,732,0,0,59,4.9107,0.6915,14,1,11
5.8511,13,10,12,1,1880,0,2,36,5.8669,0.6615,7.5,0,16
3.5714,12,14,7,1,1680,0,1,51,7.52,0.6915,5,1,14
3.8068,NA,12,12,1,2081,0,3,45,7.5449,0.6615,5,1,27
2.4638,11,3,10,1,690,0,1,42,5.538,0.7515,7.5,0,0
2.3753,12,3,3,1,4210,0,0,46,NA,0.6915,11,1,17
4.5351,10,3,10,1,2205,0,1,46,5,0.6615,11,0,28
5.6183,14,7,7,1,1952,0,0,51,7.3064,0.6215,14,0,24
14.631,17,17,14,1,1302,0,0,NA,11.218,0.58,5,1,11
2.6786,12,12,12,1,112,1,2,30,3.8462,0.7215,3,0,1
3.9194,12,9,9,1,NA,0,0,57,5.8366,0.6215,7.5,1,14
2.5729,16,16,14,1,583,1,2,NA,13.725,0.6615,9.5,1,6
4.5375,12,3,3,1,480,0,2,48,6.3493,0.6615,5,0,10
2,12,7,12,1,1900,0,3,30,5.2528,0.7215,NA,0,6
3.4722,12,7,12,1,576,0,2,34,1.3075,0.7815,NA,0,4
2.0161,16,16,14,1,2056,0,2,48,2.7998,0.7215,5,1,10
4.5716,12,10,NA,1,1984,0,0,45,2.6961,0.7215,11,0,22
2.2727,12,7,7,1,2640,0,0,51,7.5688,0.6615,3,0,16
2.6375,12,7,NA,1,240,0,2,30,3.4077,0.7815,14,0,6
NA,12,7,7,1,1173,0,1,46,6.5401,0.6915,11,1,12
1.0989,12,3,7,1,NA,0,0,58,7.2139,0.6915,9.5,1,32
1.1765,12,7,12,1,340,0,8,37,6.2732,0.7515,5,0,15
1.6,8,7,7,1,500,0,0,52,5.8824,0.7515,5,1,17
1.8762,10,3,7,1,1599,0,0,52,3.8095,0.7515,7.5,NA,34
4.0437,16,12,12,1,1830,0,0,31,NA,0.6915,7.5,1,9
9.6354,14,7,7,1,1920,0,0,55,NA,0.64,14,1,37
8.0409,17,17,17,1,2052,0,0,34,8.8119,0.58,7.5,1,NA
4.599,14,7,17,1,2312,0,NA,55,8.8765,0.5815,11,1,35
2.1429,12,7,12,1,196,0,2,39,NA,0.7515,14,1,6
4.4,14,3,14,1,2500,0,3,40,3.1836,0.5515,7.5,0,19
3.5354,12,12,12,1,NA,0,4,43,6.9149,0.6915,9.5,1,10
2.7174,8,7,7,1,1840,0,0,48,5.5147,0.7215,14,1,11
6.25,12,7,7,1,320,0,0,NA,5.2808,0.7215,9.5,1,15
11.933,12,7,7,1,419,0,4,41,3.2,0.7515,5,1,12
3.5931,8,12,12,1,NA,0,0,36,5.8791,0.6915,7.5,0,12
6.9444,17,16,12,1,72,NA,2,46,6.25,0.6915,7.5,0,14
2.9167,12,7,12,1,120,0,0,34,7.4879,0.7215,5,1,11
3.0769,12,7,7,1,1885,0,3,41,6.9767,0.6915,5,1,9
3.75,12,7,12,1,240,0,1,51,8,0.6915,5,0,24
5.7259,12,12,12,1,1729,0,NA,33,4.1319,0.6915,7.5,1,12
3.6757,12,10,10,1,1850,0,0,52,14.476,0.5515,7.5,1,13
5.1648,9,NA,7,1,2033,0,0,58,5.7343,0.6615,7.5,1,29
8.2237,10,0,0,1,608,2,4,34,NA,0.7915,7.5,1,11
4.3365,12,10,7,1,1153,0,1,31,1.8333,0.7215,7.5,1,13
4.9819,12,14,NA,1,2208,0,1,48,5.6025,0.6615,5,1,19
0.3571,12,7,7,1,252,0,2,32,4.2975,0.7215,3,0,2
2.9674,17,3,3,1,337,0,0,49,3.9161,0.7515,14,1,24
1,15,12,10,1,90,2,2,32,4.8787,0.7515,7.5,NA,9
2.5554,12,12,7,1,1174,0,0,58,9.2402,0.6615,7.5,1,6
0.8602,6,7,12,1,372,0,0,50,6.6519,0.7215,7.5,1,22
1,14,17,12,1,30,0,0,60,4.6217,0.7515,9.5,0,30
2.9261,12,3,7,1,1800,0,1,50,9.9741,0.6615,7.5,NA,10
3.5461,14,7,7,1,282,0,0,NA,20.918,0.6215,9.5,1,6
1.6264,9,7,7,1,720,0,0,51,1.94,0.7915,3,0,29
8.3333,17,12,7,1,1440,0,1,54,8.8351,0.5815,5,NA,29
3.0952,13,7,7,1,2100,0,0,59,4.6667,0.6915,5,1,36
2.7,9,7,7,1,1e3,NA,2,46,5.1894,0.7515,5,1,19
5.2521,15,12,7,1,952,0,1,46,18.724,0.4415,5,1,NA
1.4154,12,10,10,1,1413,1,3,39,10.417,0.7715,14,0,NA
4.7986,12,0,7,1,2100,0,NA,44,8.8458,0.6215,11,1,16
1.6667,12,12,12,1,120,2,0,33,7.569,0.7215,NA,1,11
1.1217,12,10,10,1,3e3,1,2,33,4.4507,0.6215,7.5,1,15
0.5,12,7,12,1,1e3,0,2,48,9.3204,0.6215,9,1,6
0.7143,12,7,7,1,336,0,4,31,9.1687,0.6915,11,0,13
2.7961,12,7,7,1,1216,0,1,45,6.4834,0.7215,11,0,22
4.8583,12,3,7,1,988,0,1,45,7.8125,NA,5,1,24
1.7435,13,12,14,1,2581,0,2,32,11.404,0.5815,7.5,1,NA
2.4631,12,7,7,1,2030,0,0,47,5.087,0.6915,3,0,6
2.4213,13,12,12,1,413,0,2,34,6.9758,NA,3,0,2
1.5345,12,7,12,1,782,0,1,37,5.2863,0.7715,9.5,1,2
2.8818,12,7,7,1,1388,0,1,36,11.562,0.6615,11,0,14
2.4069,12,10,7,NA,1450,1,2,47,8.6061,0.6915,9.5,1,9
5.2326,NA,14,14,1,1720,0,1,48,12.805,0.4415,7.5,1,11
3.75,12,7,12,1,800,0,2,42,6.6946,0.6915,11,NA,9
1.3889,13,12,10,1,360,0,NA,33,8.3333,0.6915,11,1,6
4,11,7,7,1,2e3,0,0,46,4.1667,0.6915,5,0,19
NA,12,7,7,1,1176,0,3,47,5.4759,0.7215,9.5,0,26
3.4014,12,10,7,1,2058,0,NA,44,5.144,0.6915,9.5,1,19
1.3333,12,7,7,1,NA,0,4,36,11.667,0.6615,7.5,1,3
NA,17,12,12,1,215,2,0,31,7.2917,0.7215,7.5,1,7
4.5,14,7,7,1,2e3,0,0,55,4.8611,NA,9.5,1,28
4.6235,16,7,12,1,757,0,1,45,12.164,0.6215,9.5,1,13
NA,17,17,10,1,1264,0,0,47,10.823,0.4615,9.5,1,9
NA,12,7,10,1,2064,0,3,46,12.478,0.4615,14,1,15
0.5,11,7,7,1,1280,0,0,49,6.162,0.7215,7.5,1,20
4.0816,12,7,7,1,1715,0,0,49,7.1846,0.6615,9.5,1,29
6,12,10,7,1,2e3,0,2,45,7.093,NA,14,1,9
3.6667,17,10,12,1,12,1,3,38,17.826,0.4415,14,1,1
3.8613,10,12,7,1,1528,0,0,47,6.393,NA,14,1,8
2.7629,13,7,7,1,561,0,3,54,11.719,0.5515,9.5,1,19
2.931,NA,12,12,1,2058,0,0,41,4.7883,0.7215,7.5,0,23
4.3884,12,7,14,1,1823,0,2,43,4.2328,0.7515,11,0,3
5.4167,16,10,NA,1,1680,1,1,31,7.1066,0.6615,7.5,0,13
9.8611,17,NA,7,1,1440,0,0,47,8.3333,0.61,7.5,1,8
0.1616,12,10,10,1,4950,0,2,35,6.9888,0.6915,7.5,0,17
0.3826,16,7,7,1,1176,0,3,45,NA,0.6615,11,1,4
3.6364,12,7,7,1,1100,1,0,33,6.0204,0.7215,7.5,0,15
2.3747,NA,7,12,1,1516,0,1,54,2.9686,0.7215,3,0,11
4.6667,8,7,10,1,900,0,4,35,7,0.6915,9.5,0,7
1.8519,12,7,7,1,1080,1,2,31,7.1627,0.7215,7.5,0,0
5.2,12,7,7,1,NA,0,0,55,4.7364,0.6915,7.5,0,0
3.2986,12,16,12,1,288,0,2,34,8.781,0.6915,11,1,NA
8.5333,13,12,10,1,1875,0,1,38,9.8315,0.58,7.5,1,8
2.0635,11,7,7,1,630,0,1,45,6.6496,0.7215,7.5,1,2
2.5641,12,NA,12,1,234,0,1,47,9.8485,0.6615,7.5,1,4
2.1875,12,7,7,1,1600,0,2,39,NA,0.6215,5,1,6
6.25,14,7,7,1,960,1,0,NA,8.2604,0.6615,11,1,18
3.3333,12,7,7,1,NA,1,2,33,9.0676,0.6915,9,1,3
4.4444,12,12,7,1,2025,0,0,50,8.5082,0.6215,5,1,22
6.6335,12,7,3,1,1809,NA,0,58,7.1565,0.6215,7.5,1,33
8.4224,17,12,12,1,3087,0,0,49,7.0423,0.52,11,1,28
4.3956,14,12,16,1,910,NA,2,41,6.5934,0.7215,14,1,23
2.4457,12,14,7,1,1840,0,1,51,4.3457,0.6915,NA,0,27
1.2245,9,7,3,1,784,0,0,53,7.2362,0.7215,14,1,11
1.625,12,7,12,1,400,1,2,36,1.74,0.8015,11,1,6
3,12,7,7,1,1e3,0,2,NA,6.8966,0.7215,9.5,1,11
4.7269,12,12,12,1,1904,0,2,36,5.0455,0.5515,11,1,14
1.1293,14,NA,12,1,1771,0,1,53,17.25,0.4915,14,1,17
7.4024,16,14,16,NA,1486,0,3,40,8.3333,0.6215,11,1,17
4.4595,17,10,12,1,740,0,2,42,9.375,0.5815,9,0,14
2.4725,15,12,12,1,1820,1,1,33,8.279,0.6915,11,1,11
1.8824,12,7,7,NA,1275,0,3,43,4.5,0.6915,7.5,1,7
NA,16,16,14,1,450,1,0,31,4.1995,0.7215,14,1,8
8.19,17,7,7,1,1221,0,0,47,16.064,0.4915,7.5,NA,6
7.0968,17,17,10,1,NA,0,0,54,11.277,0.5215,11,1,8
1.6667,12,3,NA,1,180,1,3,33,0.5494,0.9415,3,0,4
3.445,16,10,14,1,NA,0,0,43,9.548,0.6215,11,1,25
4.2347,13,9,7,1,1960,0,1,46,5.3333,0.6915,3,0,24
2.7778,12,7,7,1,NA,0,3,35,5.4545,0.7215,14,1,11
1.8892,11,3,12,1,794,0,3,37,5.9026,0.7515,9.5,1,19
5.0352,16,16,12,NA,993,0,2,37,9.8576,0.5815,14,1,9
1.25,14,12,17,1,160,0,3,34,11.685,0.7215,7.5,1,NA
2.8571,16,7,7,1,NA,1,0,43,6.2278,0.7215,9.5,0,14
4.1167,12,7,7,1,1200,NA,0,46,9.1748,0.6215,9.5,1,22
1.7778,9,7,3,1,450,0,3,35,6.2972,0.7515,5,NA,6
13.554,17,12,12,1,996,0,0,46,10.471,0.5815,9.5,1,23
4.5627,14,3,7,1,1052,0,0,46,14.583,0.4915,NA,1,15
2.1277,12,NA,7,1,1128,0,2,43,6.2143,0.7215,14,1,6
2.9891,12,7,7,1,1840,0,0,30,6.6288,0.6915,7.5,0,11
2.5654,11,7,3,1,1910,0,2,41,3.8246000000000002,0.7215,5,0,2
5.6122,12,7,7,1,980,0,1,54,7.8125,0.6915,14,1,22
2.8054,12,10,10,1,2317,0,1,31,3.4806,0.7215,7.5,1,10
1.607,10,10,10,1,1089,0,0,44,5.55,0.7515,9.5,1,14
2.25,12,7,12,1,800,0,1,32,11.594,0.6215,11,1,12
2.0325,5,12,7,1,1230,0,0,47,9.5238,0.7215,14,1,9
5.532,17,17,14,1,1158,0,1,46,7.2805,0.6215,7.5,0,13
1.5845,11,10,10,1,2272,0,0,37,3,0.7215,7.5,0,18
3.7879,12,7,7,1,528,0,2,51,10.4,NA,7.5,0,8
3,12,7,7,1,1e3,NA,1,49,10.05,0.6615,14,1,11
8.6538,14,12,10,1,520,0,4,36,8.7866,0.6615,9.5,1,9
4.2105,NA,7,12,1,760,0,1,39,10.14,0.6915,9.5,1,9
4.6875,NA,12,12,1,1920,0,2,48,5,0.6915,9.5,1,14
NA,14,7,7,1,1220,0,2,38,11.888,0.5815,5,1,9
25,12,NA,7,1,200,0,2,40,13.333,0.6615,7.5,1,2
2.6331,10,7,7,1,2480,1,5,39,8.6806,0.5815,3,0,12
6,16,7,12,1,2750,0,0,NA,7.2917,0.61,7.5,1,15
5.4126,13,14,7,1,2014,0,1,49,3.5242,0.7215,14,1,11
0.6642,12,NA,12,1,1355,0,3,33,6.1818,0.7215,9.5,0,7
1.25,12,12,12,1,80,0,NA,30,2.9755,0.7515,11,1,9
2.2754,12,7,12,1,1670,0,0,54,4.5769,0.7215,9.5,0,19
3.4615,11,7,10,1,520,0,4,39,3.1056,NA,11,0,11
4.1667,12,12,12,1,288,0,3,43,5.8228,0.7515,NA,1,8
4.4687,9,3,10,1,2014,0,3,31,7.5,0.6215,9.5,1,13
1.75,13,7,12,1,800,0,3,33,8.3333,0.6215,7.5,1,4
3.6694,12,12,12,NA,1984,0,3,40,9.2347,0.6615,14,1,7
6.5826,12,12,12,1,1823,0,1,36,5.5,0.6615,3,0,NA
2.6,12,7,7,1,1500,0,0,51,6,0.6615,9.5,1,14
4.8651,13,7,12,1,2261,0,1,44,6.6667,0.6215,NA,1,14
5.787,16,14,12,1,1728,0,3,42,13.061,0.5215,9.5,1,3
4.5408,12,12,NA,1,1960,0,1,40,12.794,0.5215,7.5,1,9
9.5057,16,17,12,1,1578,1,1,34,12,0.58,9.5,1,7
10.638,17,17,16,1,1316,0,0,30,6.73,0.5815,11,1,7
1.1111,12,7,7,1,1530,0,0,54,6.679,0.6915,14,0,14
4.0541,12,7,16,1,2220,0,0,51,4.3945,0.6915,3,0,29
2.6871,9,10,7,1,1336,0,2,44,4.6875,0.7515,NA,0,19
2.9762,12,7,7,1,1008,0,1,43,7.6989,0.6615,11,1,14
3.1728,12,7,10,1,1944,0,1,34,4.3287,0.6915,7.5,0,16
3.55,13,7,12,1,2e3,0,0,NA,6.7416,0.6615,11,1,10
17.907,NA,3,10,1,258,0,0,39,9.3525,0.6215,11,0,12
NA,12,0,0,1,1785,0,0,50,9.1429,0.7515,14,1,24
3.3333,12,7,7,1,480,0,0,52,2.6418,0.7515,14,0,NA
NA,12,12,12,1,772,0,2,41,7.365,0.7215,7.5,1,9
2.3111,10,7,12,1,900,0,0,59,1.4066,0.7715,5,0,14
1.7108,12,NA,10,1,1428,0,0,52,1.5192,0.7715,14,0,26
2.1143,NA,12,12,1,210,0,0,46,3.3439,0.7515,14,0,7
9.9331,12,7,3,1,239,1,5,41,2.9106,0.7215,11,1,4
3.0277,11,NA,7,1,1878,0,2,33,4.3834,0.7215,9.5,0,15
1.8605,12,12,12,1,NA,0,0,45,4.2098,0.7215,5,1,23
0.1282,10,NA,10,1,2340,1,2,36,3.7129,0.7815,7.5,0,1
6.6327,12,7,7,1,1960,0,1,48,NA,0.5515,14,1,29
5.6391,12,3,7,1,532,0,1,47,8.6382,0.6615,11,1,9
1.599,12,7,7,1,394,0,0,45,3.8367,0.7515,7.5,0,6
2.6667,12,7,7,1,675,0,2,37,7.1671,0.6915,7.5,0,11
7.9208,16,10,12,1,1515,0,4,46,8.8634,0.6215,14,1,NA
5.3398,17,12,12,1,NA,0,3,43,7.7369,0.6615,5,1,6
4,12,NA,7,1,1250,0,2,42,9.1702,0.6215,7.5,1,7
6.0449,17,NA,12,1,1158,1,2,34,11.29,0.5515,7.5,1,2
6.25,12,7,7,1,112,NA,0,52,6.3269,0.5815,7.5,1,24
2.9762,12,7,10,1,336,0,3,37,4.7468,0.7515,7.5,0,4
4.2339,12,NA,10,1,1984,0,1,37,4.8885,0.6915,5,0,11
3.4916,8,7,7,1,716,0,0,52,2.4842,0.7215,5,0,25
4.9645,12,12,12,1,1410,1,0,30,8.547,NA,7.5,0,11
2.7692,13,7,17,1,1300,0,1,NA,6.6379,0.7515,11,1,2
3.6585,12,7,7,1,1640,0,1,38,3.1863,0.7215,7.5,0,19
NA,12,7,7,1,1202,0,3,43,4.5466,0.5815,9,1,7
0.6564,8,7,7,1,489,NA,1,49,12.789,0.7515,5,1,2
4.7688,12,NA,7,1,2076,0,0,55,6.528,0.6615,5,1,20
8.5551,17,14,12,1,526,0,NA,38,16.403,0.5515,9.5,1,10
10.459,17,17,14,1,1721,0,0,52,NA,0.61,14,1,19
NA,12,7,7,1,1327,0,0,48,13.542,0.7515,11,1,17
6.8493,13,10,12,1,584,0,2,32,6.713,0.6915,NA,1,12
5.0872,12,7,7,1,1376,0,1,32,5.4487,0.6615,5,NA,11
0.9615,12,7,7,1,1040,NA,2,38,6.6872,0.7215,7.5,1,6
4.3066,12,12,16,1,548,0,3,46,9.0943,0.6915,14,1,NA
NA,12,7,7,1,15,0,3,40,6.5337,0.7515,7.5,0,4
2.5253,9,7,10,1,1980,0,4,31,4.686,0.7515,5,1,2
7.8947,10,9,12,1,1520,NA,1,43,8,0.5215,9.5,1,13
4.1489,12,7,7,1,1880,0,0,51,4.053,0.6915,7.5,0,21
8.1746,16,NA,16,1,1260,1,0,30,8.1633,0.5515,5,1,9
9.5971,13,NA,10,1,1092,0,0,52,16.5,0.4615,11,1,4
2.0164,8,3,3,1,1587,1,5,30,3.4615,0.7815,7.5,0,2
7.6218,16,NA,16,1,156,0,0,51,11.361,0.5515,11,1,19
3.1975,13,3,7,1,1939,0,2,31,3.8911,0.7215,7.5,1,4
1.6,12,16,12,1,1250,0,4,34,9.6059,0.6915,7.5,1,9
4.0984,11,7,7,1,610,0,0,49,2.6687,0.7215,7.5,1,14
1.4815,13,16,7,1,270,1,3,35,8.8865,0.6615,9.5,1,NA
3.6364,NA,12,7,1,660,1,0,53,6.3636,0.7215,7.5,1,24
1,12,7,12,1,1e3,0,3,32,17.728,0.5515,11,0,1
2.6042,10,7,12,1,1920,0,3,38,5.2923,0.7215,7.5,1,13
1.75,12,12,7,1,200,0,0,54,15.686,0.5815,9.5,1,3
4.8,17,12,10,1,NA,0,1,47,5.2423,0.5515,11,1,10
5.53,15,12,14,1,868,0,1,45,3.0395,0.7215,NA,1,16
4.0984,16,16,16,1,2318,0,NA,47,16.745,0.4915,5,1,9
1.25,10,7,7,1,2e3,0,0,59,3.75,0.6915,5,0,19
1.6667,11,9,10,1,60,0,1,32,5.814,0.7215,5,1,4
3.7901,12,7,7,1,1715,0,NA,45,10.833,0.5815,7.5,1,10
2.3636,12,12,14,1,550,0,4,40,9.0029,0.7215,5,1,5
10.204,14,12,14,1,1960,0,2,47,6.54,0.61,3,1,NA
6.8182,16,10,12,1,44,NA,2,36,5.9783,0.7515,5,0,3
7.2146,14,7,7,1,1920,0,0,56,8.6248,0.5815,7.5,NA,38
2.4484,8,12,NA,1,2540,0,1,41,4.8329,0.6215,9.5,0,16
1.1987,7,7,3,1,156,0,3,48,10.909,0.7515,11,0,NA
1.641,12,7,7,1,780,1,2,36,3.8864,0.7515,11,0,1
1.7821,12,3,7,1,3120,0,0,41,8.4574,0.5515,5,0,7
2.9412,14,10,7,1,2040,0,0,NA,5,0.6915,11,1,15
4.9689,12,17,12,1,1610,0,3,36,NA,0.6615,9.5,1,10
1.8605,12,7,10,1,215,0,3,37,4.4938,0.6915,3,0,2
8.0357,12,3,7,1,1120,0,0,38,NA,0.6215,9.5,1,19
3.9716,14,3,3,1,846,0,2,43,3.2788,0.7515,7.5,1,25
3.0416,16,12,12,1,3225,0,0,54,1.2861,NA,9.5,1,25
2.907,12,7,7,1,1376,NA,1,38,5.5556,0.7215,5,1,7
3.0612,12,7,12,1,980,1,NA,30,7.4951,0.5815,11,1,15
4.8966,12,7,7,1,1838,0,0,49,22.109,0.4415,9.5,NA,11
NA,13,10,10,1,1494,0,1,45,9.058,0.4415,9.5,1,25
5.5556,13,7,7,1,NA,0,0,51,11.538,0.5215,9.5,1,19
1.2227,10,10,0,1,NA,0,0,34,6.0468,0.6915,7.5,1,4
2.6839,12,7,7,1,2012,0,2,34,1.3653,0.7515,7.5,1,14
2.6738,12,9,10,1,561,0,1,41,16.55,0.5515,7.5,1,19
9.3294,12,9,9,1,1715,0,1,NA,8.7719,0.64,11,1,18
3.1381,12,12,12,NA,1912,0,0,32,9.6354,0.6615,5,1,14
0.5426,14,12,12,1,3686,0,0,32,6.6788,0.7215,7.5,1,11
8.6111,17,12,12,1,1080,0,2,32,7.5727,0.4415,5,0,4
3.6687,10,7,3,1,1799,0,0,47,7.8125,0.6615,7.5,1,29
2.3185,9,9,9,1,1984,0,1,39,1.9835,0.7515,7.5,0,21
2.882,12,12,12,1,1839,0,0,49,9.5238,0.6215,11,1,24
NA,12,7,12,1,1579,0,3,37,6.425,0.6615,7.5,1,19
NA,16,12,14,1,96,0,0,59,10.984,0.6215,7.5,1,31
6.25,12,7,7,1,1920,NA,0,50,12.766,0.5215,14,1,28
10.249,17,12,12,1,1688,0,NA,32,9.5545,0.61,9.5,1,15
3.2096,12,12,12,1,1589,0,0,46,5.4967,0.6615,NA,0,27
7.6522,17,14,12,1,345,0,NA,43,9.7618,0.6915,14,0,13
1.9724,11,7,7,1,1521,0,3,37,5,0.7515,7.5,0,4
4.698,16,14,12,1,1490,0,2,32,5.9995,0.7215,NA,1,10
2.1234,11,10,10,1,989,0,1,39,6.9149,NA,9,1,8
2.3333,13,12,12,1,600,0,2,34,4.9669,0.7215,7.5,0,4
2.3896,11,7,7,NA,2646,0,1,39,2.3896,0.6915,5,1,18
1.2564,8,7,7,1,2149,NA,3,45,4.5122,0.7515,5,1,3
1.0938,NA,12,3,1,320,0,0,50,9.2308,0.6615,7.5,1,11
3.75,12,7,12,1,1600,0,1,40,11.458,0.5815,7.5,1,8
3.3072,10,7,7,1,2419,0,1,30,7.6993,0.6615,11,1,10
5.1352,17,12,16,1,2005,NA,0,57,4.183,0.6615,11,1,33
6.6327,12,12,NA,1,1960,0,1,39,8.3333,0.6215,9,1,19
4.5645,12,12,12,1,2147,0,0,53,5.1042,0.6915,7.5,NA,35
11.848,17,12,7,1,1207,0,1,48,NA,0.64,5,1,21
3.75,14,14,14,1,2e3,0,1,46,5.6634,0.6615,7.5,0,7
4.3651,12,10,7,1,1260,0,0,NA,5.222,0.7215,7.5,0,18
3.9333,12,7,7,1,90,0,1,43,7.19,0.7515,7.5,0,4
3.3333,12,7,NA,1,1800,0,0,47,13.907,0.4915,7.5,1,12
3.3159,12,7,10,1,573,0,1,47,6.0163,0.7215,14,0,16
3.5616,12,7,7,1,1825,0,NA,47,7.6782,0.6215,7.5,1,14
1.6,12,7,3,1,75,0,0,46,5.3112,0.7515,7.5,1,3
2.2255,9,7,7,1,1348,0,4,34,4.1228,0.7515,11,NA,1
4.7872,10,7,7,1,1880,0,0,48,7.8125,0.6215,11,0,27
5.8065,12,NA,10,1,1240,0,1,30,4.6053,0.7215,7.5,1,12
2.3585,12,7,7,1,848,0,1,51,3.9746,0.6615,3,0,6
2,12,12,7,1,150,0,5,52,15.063,0.5215,14,1,9
1.9,12,12,12,1,2e3,0,2,37,4.5064,0.6215,5,0,2
5.123,12,7,12,1,1952,0,2,32,5.8824,0.6615,5,0,6
5.4945,17,NA,12,1,1456,0,2,36,10.228,0.5815,5,1,9
6.3218,12,10,10,1,1740,0,2,35,6.5789,0.6615,7.5,1,16
7.1429,17,12,14,1,1400,0,0,45,8.8145,0.5815,5,NA,22
2.375,12,7,7,1,2e3,0,0,56,2.9528,0.7515,14,NA,26
2.5429,10,7,7,1,1750,0,2,40,4.5173,0.7515,14,0,11
2.1798,12,12,14,1,1101,NA,2,45,5.1282,0.7515,7.5,1,11
2.6,12,7,10,1,2e3,0,2,32,4.1451,NA,7.5,0,15
3.7294,12,10,10,1,1877,0,0,45,8.7912,0.6615,7.5,0,13
4.375,12,12,7,1,160,0,2,40,7.3061,0.6915,NA,1,6
4.4433,12,10,7,NA,1886,0,1,38,6.0069,0.6915,9.5,1,20
4.2877,12,7,7,1,1446,0,4,49,8.3333,0.7515,14,1,17
1.6667,16,14,14,1,1500,0,1,47,11.529,0.5815,NA,1,8
3.2558,13,NA,7,1,860,0,0,52,6.6667,0.6615,11,1,13
5.4113,13,12,12,1,1848,0,1,34,8.6806,NA,7.5,1,15
2.205,12,12,14,1,1678,0,2,44,3.468,0.7215,3,0,14
NA,16,7,14,1,160,0,3,36,3.0321,0.7215,3,0,14
0.6482,17,16,14,1,NA,0,0,50,13.807,0.5815,9.5,1,6
5.3826,12,NA,0,1,1738,0,0,45,6.2174,0.6615,7.5,1,24
0.1709,14,12,16,1,1170,0,2,44,4.2308,0.7515,9.5,1,10
23.467,12,7,7,1,15,0,2,57,11.47,0.6615,NA,1,2
9.5785,17,17,NA,1,2088,0,0,35,12.245,0.5,9.5,1,9
3.6948,12,7,7,1,2490,0,NA,46,9.2105,0.5815,7.5,1,23
2.2222,14,12,10,1,135,2,1,30,6.3309,0.7215,14,1,12
1.749,12,3,7,NA,1944,0,3,42,7.8039,0.6915,14,0,8
1.1594,12,7,10,NA,690,0,1,34,7.6754,0.7215,7.5,1,16
6.9901,17,14,10,1,NA,0,2,45,15.582,0.5515,14,1,10
3.9683,16,7,14,1,63,NA,2,35,9.6436,0.6615,14,1,7
21.429,16,12,7,NA,154,0,0,40,12.886,0.5515,14,1,19
0.4762,12,12,12,1,420,0,1,32,6.5511,0.6915,7.5,1,2
2.1505,9,7,7,1,651,0,0,54,8.25,0.6615,7.5,1,9
1.8578,12,7,7,1,675,0,3,38,1.3792,0.7915,14,0,14
4.3295,12,14,12,1,1663,0,3,43,5.2632,NA,5,1,9
8.9286,16,7,NA,1,1680,0,0,54,10.526,0.72,9.5,1,16
2.7778,14,12,12,1,180,0,3,39,10,0.6215,7.5,1,7
2.6565,12,12,7,1,1581,0,1,37,12.548,0.5215,5,1,6
2.5,12,7,7,1,1200,0,2,46,4.6207,0.7215,NA,1,22
18.267,11,7,7,1,450,0,0,56,1.854,0.6915,3,0,9
0.819,12,7,12,1,547,0,3,41,7.4266,0.7215,7.5,0,9
2,16,7,16,1,300,0,1,45,13.298,0.5815,NA,1,14
15.385,17,3,NA,1,975,0,1,44,26.578,0.5,7.5,1,17
6.4775,17,12,16,1,1621,0,1,50,13.959,NA,5,0,12
8.3333,14,7,7,1,300,0,5,37,13.126,NA,11,0,13
4.5503,12,7,16,1,1868,0,1,44,7.8883,0.6615,NA,0,8
2.4958,14,14,NA,1,1803,0,2,32,8.656,0.6615,9.5,1,10
4.4797,12,10,10,1,2143,1,1,34,3.4109,NA,14,0,16
2.2324,10,10,10,1,1080,0,2,32,4.6256,0.7515,NA,0,1
2.071,12,10,10,NA,1352,0,3,37,4.2105,0.7515,11,0,6
1.676,13,10,10,1,537,0,1,NA,4.2708,0.7715,9,1,4
3.4091,16,12,12,1,352,0,2,34,3.3424,0.6915,NA,0,8
2.5,12,3,10,1,200,1,3,33,8.6359,0.4915,5,1,4
3.9609,7,7,7,1,2045,0,3,43,6.7581,0.6915,7.5,1,15
6.2275,16,16,16,1,NA,0,2,35,0.5843,0.7715,11,0,7
NA,14,7,7,1,1960,0,1,43,5.335,0.6915,7.5,0,14
2.9,12,7,7,1,2e3,0,0,34,4.7101,0.7215,7.5,0,16
4.0816,10,0,7,1,1960,0,3,36,4.9797,0.7215,7.5,NA,15
2.85,12,7,7,1,2e3,0,2,41,2.9762,0.7215,14,0,23
7.0153,16,7,7,1,1568,0,0,41,12.744,0.4415,7.5,0,19
2.9388,10,10,10,1,1225,0,3,35,3.8462,0.7515,7.5,0,4
1.9231,12,7,10,1,780,1,3,32,7.2233,NA,5,1,12
6.875,14,12,12,1,480,0,0,30,8.8077,0.6615,14,NA,12
3.9002,12,7,7,1,1923,0,0,43,5.3864,0.6215,7.5,1,25
2,6,7,7,1,2e3,0,0,54,3.6846,0.7215,7.5,0,14
4.9763,15,7,7,1,2110,0,2,35,1.8437,0.7215,7.5,0,14
1.2019,12,7,7,1,1664,0,0,50,NA,0.7215,7.5,0,11
22.5,17,16,14,1,48,1,1,34,7.2222,0.6915,5,1,7
6.8677,14,12,14,1,1791,0,0,52,7.3529,0.6615,9.5,NA,18
3.5613,13,10,7,1,1404,0,3,35,11.864,0.6215,9,1,4
1.9792,6,7,7,1,1920,0,0,55,5.3327,0.7215,7.5,0,NA
5.3713,16,7,7,1,2141,0,0,35,5.5,NA,7.5,0,13
1.7442,14,16,16,1,1720,0,NA,49,7.2308,0.5215,9.5,1,14
5.0948,15,NA,12,1,3533,2,2,38,7,0.64,9.5,1,17
2.5,14,7,7,1,NA,0,2,42,7.2137,0.6915,9.5,1,5
3.825,8,7,7,1,800,0,1,48,4.5,0.7515,7.5,0,2
1,14,12,12,1,3e3,0,0,51,8.8632,NA,9.5,1,0
3.0717,12,10,12,1,NA,0,2,43,9.3333,0.6615,7.5,1,3
1.7163,12,10,12,NA,1872,0,1,43,3.8263,0.6615,7.5,1,21
4.0209,12,10,10,1,2058,0,1,38,5.4448,0.6615,7.5,1,20
5.4585,12,7,3,1,1832,0,1,44,8.7634,0.6215,7.5,1,19
25,12,10,12,1,120,1,3,36,8.4,0.6615,9.5,1,4
2.3897,NA,12,12,1,1632,0,0,38,5.102,0.7215,7.5,0,19
3.2134,8,12,12,1,778,0,NA,47,7.4101,0.6915,5,1,11
3.377,12,7,7,1,1984,0,2,34,5.3527,0.6915,7.5,0,14
1.7778,17,17,16,1,225,1,2,40,19.562,0.6615,14,1,8
3.1633,12,12,12,1,1960,0,1,31,5.0783,0.6915,7.5,0,13
2.7027,12,16,10,1,444,0,0,46,0.5128,0.8015,7.5,1,24
1.6927,14,10,NA,1,384,0,3,36,5.402,0.5815,14,1,1
0.2137,13,16,12,1,1170,1,2,39,7.8646,0.7215,NA,1,1
6.7669,17,7,7,1,NA,0,2,36,6.0531,0.5515,14,0,3
1.7407,8,7,7,1,1350,0,4,37,5,0.7515,3,0,4
2.5,12,9,7,1,480,0,4,39,7.6829,0.7515,NA,0,21
4.4859,11,3,7,1,NA,1,3,36,6.0386,0.7215,14,0,10
2.572,12,7,7,1,1944,0,2,49,5.851,0.7215,5,1,13
3.46,12,7,7,1,50,1,1,45,6.7416,0.7215,9.5,1,9
NA,17,7,7,1,460,2,0,32,8.1081,0.7215,7.5,0,14
2.3118,10,NA,7,1,680,0,5,36,5.3061,0.7215,7.5,0,2
NA,12,7,7,1,2450,0,1,40,7.2709,0.6215,5,1,21
5.8675,13,NA,7,1,2144,0,2,43,8.1776,0.5815,7.5,1,22
3.4091,12,16,12,1,1760,0,1,33,7.1006,0.5815,11,1,NA
4.0816,12,12,12,1,490,0,1,30,6.5844,0.6915,7.5,1,7
0,NA,12,14,0,0,0,1,49,7.8529,0.6615,7.5,1,2
0,16,7,14,0,0,2,0,30,11.929,0.6615,9.5,1,NA
0,12,12,12,0,0,1,0,30,18,0.6615,7.5,0,12
0,12,7,7,0,0,0,4,41,10.022,0.5815,7.5,1,1
0,12,7,7,0,0,0,1,45,9.3333,0.6615,5,1,12
0,NA,7,7,0,0,0,5,43,6.085,0.7515,7.5,1,4
0,13,7,10,0,0,0,1,42,5.7054,0.6615,11,1,9
0,12,NA,7,0,0,0,0,60,9.1185,0.7215,7.5,1,9
0,12,3,9,0,0,0,0,57,7.2072,0.7215,7.5,1,6
0,10,7,12,0,0,0,2,38,5.3146,0.7515,5,0,5
0,12,12,12,0,0,0,0,56,8.2828,0.6915,7.5,1,5
NA,12,7,10,0,0,0,3,32,7.0578,0.7215,5,0,8
0,7,7,7,0,0,0,1,49,6.1659,0.7515,7.5,1,2
0,12,10,7,0,0,0,0,55,2.7,0.7215,3,0,6
0,9,7,7,0,0,1,1,36,7.6628,0.7215,11,0,0
0,12,9,9,0,0,0,3,44,1.8491,0.7515,14,0,3
0,10,14,7,0,0,0,1,44,3.8462,0.7215,7.5,1,7
0,14,12,3,0,0,1,2,35,9.0543,0.7215,7.5,1,3
0,14,10,10,0,0,2,3,44,9.375,0.7215,NA,0,10
0,12,12,12,0,0,0,1,NA,8.3333,0.6615,14,1,3
0,12,17,12,0,0,1,0,34,9.3733,0.6915,5,1,2
0,17,12,12,0,0,2,0,30,4.4818,0.7215,7.5,1,12
0,8,3,7,0,0,0,1,39,5.3476,0.7215,3,0,15
0,12,7,7,0,0,0,2,36,3.2027,0.7815,14,0,5
0,17,12,10,0,0,0,2,38,12.801,0.5515,9.5,1,4
0,NA,10,10,0,0,0,0,53,6.9103,0.6215,7.5,1,10
0,12,7,7,0,0,0,2,36,4.2293,0.7715,3,0,1
0,12,7,12,0,0,NA,1,32,4.4479,0.7215,7.5,1,8
0,9,7,7,0,0,NA,3,51,8.0523,0.7215,14,1,20
0,11,7,10,0,0,0,0,38,7.5057,0.6915,14,1,4
0,12,10,10,0,0,2,0,33,NA,0.6915,11,1,7
0,12,10,16,0,0,0,0,54,6.3218,0.6915,NA,1,10
0,9,3,7,0,0,0,3,38,2.1354,0.8015,11,0,3
0,11,7,7,0,0,2,2,30,4.2092,0.7715,3,0,5
0,12,NA,12,0,0,2,3,34,0.7595,0.9415,7.5,0,10
0,9,7,12,0,0,0,1,34,4.8077,0.7915,3,0,0
0,12,7,10,NA,0,0,2,50,12.788,0.5215,7.5,1,3
0,17,12,12,0,0,2,0,30,7.1429,0.7215,11,0,10
0,12,7,10,0,0,0,2,38,15.152,0.5815,11,1,2
0,14,NA,12,0,0,0,0,54,7.9082,0.7215,9.5,1,10
0,NA,12,12,0,0,1,2,30,6.9728,0.6915,7.5,1,4
0,12,7,7,0,0,0,0,55,4.9181,0.5815,5,1,0
0,10,10,10,0,0,0,1,51,8.3112,0.6915,11,0,10
0,12,7,7,0,0,0,1,44,7.1429,0.7215,9.5,1,5
NA,12,7,7,0,0,0,0,53,5.6889,0.7215,5,0,0
0,10,3,3,0,0,0,2,42,7.0833,0.7215,5,0,0
0,12,7,10,0,0,0,2,38,5.6922,0.7215,7.5,0,19
0,13,7,7,0,0,1,3,38,11.4,0.6215,7.5,1,2
0,12,3,3,0,0,1,4,41,1.4152,0.8015,9.5,1,12
0,8,7,12,0,0,0,3,35,2.7507,0.7815,9.5,1,5
0,12,12,12,0,0,1,2,33,6.6182,0.7215,9.5,1,5
0,13,7,7,0,0,0,0,48,9.2725,0.6915,7.5,0,5
0,12,10,12,0,0,0,0,47,12.287,0.6215,7.5,1,10
0,12,7,7,0,0,0,5,34,2.8549,0.7515,7.5,1,0
0,NA,10,12,0,0,2,1,33,7.9709,0.5215,5,1,4
0,13,16,12,0,0,3,1,31,19.444,0.4415,11,0,3
0,8,7,12,0,0,0,0,58,1.4806,0.7515,7.5,1,2
0,12,7,7,0,0,0,0,49,1.8918,0.7515,3,0,1
0,8,3,7,0,0,0,1,55,6.9215,0.7215,7.5,1,0
0,14,NA,12,0,0,0,0,44,10.692,0.6615,14,1,1
NA,9,7,7,0,0,0,0,44,9.9474,0.6915,11,1,1
0,16,12,7,0,0,0,3,36,19,0.4615,9.5,1,6
0,12,14,NA,0,0,0,3,38,7.4882,0.6615,9.5,1,12
0,16,7,16,0,0,0,3,37,9.259,0.6215,7.5,1,6
0,12,7,12,0,0,0,0,47,11.322,0.6215,5,1,9
0,12,10,12,0,0,0,3,47,6.447,0.7515,7.5,1,14
0,12,7,7,0,0,1,1,32,6.5778,0.7215,9,1,13
0,12,7,12,0,0,1,2,43,6.1,0.7515,7.5,0,8
0,11,10,10,0,0,1,4,42,4.2308,0.7815,3,0,0
0,12,7,7,0,0,0,0,56,2.217,0.7215,7.5,0,1
0,NA,7,12,0,0,0,5,38,6.5189,0.6915,11,1,3
0,12,7,7,0,0,0,2,52,6.4923,0.7215,14,1,13
0,12,12,12,0,0,0,0,50,11.364,0.6615,7.5,1,3
0,16,12,12,0,0,0,0,33,9.8765,0.6615,7.5,1,8
0,16,7,7,0,0,0,2,NA,7.6576,0.6915,7.5,1,8
0,12,7,7,0,0,0,1,41,8.3017,0.6915,14,0,18
0,12,12,14,0,0,0,1,45,14.114,0.6215,11,1,2
0,14,7,7,0,0,0,0,53,16,NA,7.5,0,3
0,14,12,12,0,0,0,0,53,11.291,0.6915,14,NA,5
0,12,10,12,0,0,0,1,42,2.3395,0.7215,9.5,1,2
0,NA,17,12,0,0,2,0,32,7.7994,0.7215,7.5,1,10
0,12,7,7,0,0,0,0,56,6,0.7215,7.5,1,30
0,11,7,10,0,0,NA,3,37,6.6893,0.7515,11,1,1
0,12,7,12,0,0,1,2,40,8.5366,0.6915,14,1,5
0,15,7,0,0,0,NA,3,54,13.83,0.6215,7.5,1,8
0,7,7,7,0,0,0,0,53,1.48,0.7515,7.5,0,0
0,12,7,7,0,0,0,1,48,8.5714,0.6615,9.5,1,4
0,12,7,7,0,0,NA,2,36,8.2299,0.7215,9.5,1,2
0,12,7,7,0,0,0,0,57,8.3877,0.6915,7.5,1,NA
0,12,7,10,0,0,0,0,51,7.3651,NA,14,1,25
0,13,0,7,0,0,0,4,33,3.4415,0.7215,3,0,3
0,12,7,7,0,0,0,0,52,3.3537,0.7515,7.5,1,20
0,10,7,0,0,0,0,0,56,2.9762,0.7815,7.5,1,20
0,12,9,14,0,0,1,2,36,5.181,0.7515,7.5,1,0
0,NA,12,12,0,0,1,0,36,10.293,0.6915,7.5,0,15
0,12,7,10,0,0,0,1,46,13.243,0.5815,14,1,10
0,10,7,7,0,0,0,3,31,3.6458,0.9415,7.5,0,4
0,11,7,7,0,0,0,0,52,10.407,0.6615,11,1,3
0,12,7,7,0,0,0,2,46,8.2117,0.6915,7.5,1,10
0,12,3,7,NA,0,2,0,35,8.6735,0.7215,7.5,1,9
0,12,7,7,0,0,0,0,59,8.3208,NA,14,0,7
0,8,0,0,0,0,0,1,36,4.287,0.7515,14,0,12
0,7,3,3,0,NA,1,3,51,10.5,0.5215,14,0,0
0,16,12,12,0,0,NA,0,31,7.9787,0.6915,9,1,16
0,14,12,12,0,0,0,2,31,11.814,0.6215,14,1,4
0,12,12,12,0,NA,1,1,32,6.1111,0.7515,7.5,1,7
0,16,7,12,0,NA,1,2,35,12.578,0.6215,14,1,7
0,NA,10,7,0,0,0,3,40,11.244,0.7515,7.5,1,14
0,10,7,7,0,0,1,2,33,2.7408,0.7815,14,0,2
0,7,0,NA,0,0,0,0,54,4.4444,0.7515,3,1,20
0,12,12,12,0,0,1,1,36,5.8267,0.7215,7.5,1,5
NA,10,7,12,0,0,0,1,50,2.3478,0.7815,3,0,10
0,8,0,0,0,0,0,0,54,4.4755,0.7215,3,0,20
0,11,7,7,0,0,0,1,48,8.4986,0.7215,7.5,1,10
0,15,17,14,0,0,0,4,41,7.1825,0.7215,5,0,8
0,12,7,12,0,0,0,4,50,10.87,0.6615,NA,1,11
0,12,7,NA,0,0,0,2,46,7.1222,0.7215,7.5,1,3
0,13,12,12,0,0,0,1,42,10.6592,0.5815,7.5,0,6
0,9,3,3,0,0,1,2,31,3.2762,0.7915,14,0,4
0,12,10,10,0,0,0,0,53,7.7521,0.7215,14,0,4
0,12,3,3,0,0,0,1,51,11.945,0.6215,7.5,1,9
0,12,9,7,0,0,0,1,47,4.6154,0.7515,11,1,10
0,12,12,12,0,0,0,1,50,13.021,0.6215,14,1,3
0,6,7,7,0,0,0,1,37,2.6667,0.7515,7.5,0,2
0,12,12,12,0,0,2,2,30,8.8333,0.5815,11,0,2
0,12,16,16,0,0,0,0,49,2.3669,0.7915,NA,1,0
0,12,0,7,0,0,0,2,52,5,0.7515,14,1,8
0,12,7,10,0,0,0,2,47,7.4597,0.7215,14,1,6
0,12,7,7,0,0,0,0,49,7.7519,NA,11,1,15
0,12,NA,12,0,0,0,4,44,5.4054,0.7515,14,1,15
0,8,9,9,0,0,0,0,53,6.1239,0.6915,NA,1,9
0,12,12,7,0,0,1,0,30,8.3369,0.6915,14,NA,8
0,12,10,7,0,0,0,2,54,7.1277,0.7215,7.5,1,18
0,7,0,0,0,0,1,1,47,6.1204,0.6915,7.5,1,3
0,15,7,7,0,0,0,NA,56,3.1111,0.7515,14,1,10
0,12,7,7,0,0,0,1,49,12.161,0.5815,11,0,6
0,6,NA,7,0,0,0,0,48,5.3846,0.7515,9.5,1,20
0,12,12,10,0,0,0,1,49,3.9838,0.7515,9.5,0,8
0,12,16,12,0,0,0,1,NA,7.4697,0.7215,11,0,3
0,12,7,7,0,0,0,0,46,11.411,0.6615,7.5,1,4
0,12,12,12,0,0,0,2,45,12.936,0.5515,14,1,13
0,12,7,12,0,0,0,2,32,5.6122,0.7515,11,1,4
0,12,7,7,0,0,1,1,43,6.8099,0.7515,14,1,17
0,12,7,7,0,0,1,1,34,8.5066,0.7215,9.5,1,4
0,12,10,7,0,0,1,1,30,5.508,0.6615,NA,0,0
0,17,16,12,0,0,2,0,38,7.2285,0.6915,5,1,15
0,16,16,16,0,0,1,1,33,9.4545,0.6215,9.5,0,11
0,12,7,7,0,0,0,0,52,8.9835,0.6915,9.5,1,23
0,11,14,12,0,0,0,3,43,5.9846,0.7215,7.5,1,1
0,12,7,12,0,NA,1,1,33,3.9629,0.7515,9.5,0,5
0,10,7,7,0,0,0,0,45,7.0575,0.5815,7.5,0,1
0,10,10,10,0,0,2,1,NA,7.1565,0.7215,14,1,5
0,12,12,12,0,0,1,1,34,4.0145,NA,9.5,1,3
0,14,14,10,0,0,0,2,37,3.8829,0.7215,11,0,3
0,10,7,7,0,0,0,1,46,7.9787,0.7215,11,0,19
0,12,12,12,0,0,0,0,47,5.0366,0.7515,9.5,1,20
0,16,12,12,0,0,2,1,31,7.0769,0.6615,7.5,1,NA
0,5,7,7,0,0,NA,0,57,3.6184,0.7715,14,0,0
0,12,10,10,0,0,1,1,30,13.466,0.4915,5,1,3
0,12,10,12,0,0,0,0,30,14.531,0.7215,11,1,3
0,12,12,12,0,0,0,3,NA,6.8,0.7215,9.5,1,7
0,13,12,7,0,0,0,0,53,6.6667,0.6615,7.5,1,7
0,8,7,7,0,0,0,0,51,5.9172,0.7215,9.5,1,1
0,12,7,12,0,0,1,3,39,10.24,0.6615,5,1,13
0,8,3,7,0,0,0,0,52,8.1566,0.6915,3,0,0
0,8,3,3,0,0,0,4,46,6.6775,0.7215,11,1,0
0,12,7,NA,0,0,0,5,47,0.9615,0.9415,3,0,12
0,8,3,7,0,0,0,2,52,16.907,NA,7.5,1,0
0,12,14,10,0,0,0,2,45,13.57,0.6215,7.5,1,5
0,11,7,7,0,0,0,0,60,8.9329,0.6915,7.5,1,45
0,13,7,17,0,0,NA,2,41,4.7372,0.7215,11,0,10
0,8,7,7,0,0,0,3,39,8.5106,0.7215,7.5,1,2
0,12,7,7,0,0,0,1,49,5.2511,0.7515,7.5,0,3
0,15,12,12,0,0,1,1,32,21.786,0.4415,14,1,1
0,12,12,12,0,0,1,NA,33,7.9125,0.6615,14,1,5
0,10,9,7,0,0,0,4,36,7.1083,0.7515,14,0,10
0,13,0,7,0,0,3,3,37,5.0434,0.7715,5,0,4
0,12,12,12,0,0,NA,2,30,2.2442,0.7815,11,0,7
0,11,12,7,0,0,1,1,44,8.5069,0.7515,9.5,1,9
0,12,12,7,0,0,0,1,48,7.5758,0.6915,5,1,5
0,11,7,7,0,0,0,4,40,5.8824,0.7515,14,1,4
0,13,9,9,0,0,0,NA,47,40.441,0.4415,5,1,11
0,12,7,12,0,0,0,2,36,6.2339,0.7215,5,1,9
0,11,12,7,0,0,0,2,40,9.2971,0.6915,5,1,4
0,12,7,12,0,0,0,1,46,0.7038,0.9415,7.5,1,2
0,12,12,3,0,0,0,0,52,2.5425,0.6915,7.5,0,23
0,12,12,12,0,0,0,1,44,5.0833,0.7515,11,0,NA
0,10,NA,7,0,0,0,1,45,7.6843,0.7215,7.5,1,15
0,7,3,7,0,0,2,1,30,4.0625,0.7815,7.5,0,8
0,12,12,12,0,0,1,3,40,6.5106,0.6615,14,1,3
0,12,12,7,0,0,0,1,43,2.951,0.7215,7.5,0,25
0,12,3,12,0,0,0,2,49,5.6738,0.7515,11,1,2
NA,12,12,12,0,0,1,4,46,12.766,0.6615,11,1,0
0,11,7,7,0,0,0,0,52,6,0.7515,11,0,19
0,12,10,7,0,0,1,1,31,9.2955,0.6915,9.5,1,3
0,10,7,7,0,0,1,1,42,5.1324,0.7515,5,0,7
0,11,14,7,0,0,0,3,33,9.0659,0.6915,7.5,1,1
NA,16,12,7,0,0,0,0,57,11.931,0.4415,14,1,9
0,10,10,10,0,0,0,0,49,6.7164,0.6915,11,1,3
0,14,NA,14,0,0,0,1,45,4.5851,0.6915,11,1,8
0,11,7,NA,0,0,0,0,56,9.2567,0.6915,14,1,0
0,12,10,10,0,0,1,3,41,8.5656,0.6215,7.5,1,5
0,5,3,3,NA,0,0,0,56,6.7407,0.7515,14,1,20
0,10,7,7,0,0,0,1,48,9.8788,0.6915,5,1,3
0,16,10,NA,0,0,0,2,52,9.375,0.6615,7.5,1,12
0,12,7,7,0,0,0,0,51,6.277,0.7215,14,1,5
0,11,7,7,NA,0,0,3,35,6.4241,0.7515,7.5,0,1
0,12,7,7,0,0,0,0,45,8.3718,0.6615,5,0,0
0,12,7,7,0,0,0,0,54,12.22,0.5815,9.5,1,7
0,12,10,10,0,0,0,2,54,3.5612,0.7215,9.5,1,13
0,12,7,7,0,0,1,0,31,8.867,0.7515,3,0,3
0,6,7,7,0,0,0,3,53,1.8515,0.9415,NA,0,0
0,14,14,16,0,0,2,2,35,8.0769,0.5515,NA,0,2
0,12,16,12,0,0,NA,3,36,8.9796,0.6615,7.5,0,0
0,12,7,7,0,0,0,0,NA,6.6618,0.6615,11,1,2
0,16,17,16,0,0,0,0,54,11.107,0.5815,5,1,1
0,12,7,7,0,0,1,1,37,14.077,0.5515,9,1,10
0,12,7,7,0,0,0,0,44,0.4121,0.9415,7.5,1,10
0,17,12,12,0,0,1,2,34,23.81,0.4415,NA,1,1
0,12,7,7,0,0,0,0,49,9.5745,NA,11,0,3
0,12,7,7,0,0,0,0,49,1.9286,0.7215,3,0,32
0,9,7,7,0,0,0,0,60,2.5783,0.7215,3,0,0
0,12,7,7,0,0,0,0,NA,7.2274,0.7215,7.5,1,7
0,12,10,12,NA,0,1,1,30,8.8,0.6615,5,1,5
0,12,7,7,0,0,0,2,47,7.75,0.6615,11,1,NA
0,12,12,12,0,0,0,4,NA,14.688,0.6615,7.5,1,5
0,12,7,7,0,0,1,3,35,10.487,0.6615,9.5,1,3
0,12,9,12,0,0,0,0,58,4.0253,0.7215,11,0,25
0,14,12,14,0,0,1,3,41,11.765,0.6215,7.5,0,0
0,10,NA,7,0,0,0,1,51,9.5238,0.7515,14,1,3
0,12,7,7,0,0,0,0,47,6.9079,0.7215,11,0,10
0,9,3,NA,0,0,1,2,45,5.151,0.7515,11,0,10
0,14,14,16,0,0,0,0,NA,20.496,0.4415,14,1,7
0,16,12,12,0,0,1,NA,30,13.555,0.6615,9.5,1,5
0,11,3,7,0,0,0,0,55,14.796,0.5815,5,1,15
0,12,7,10,0,0,1,2,32,1.6905,0.7815,3,0,1
0,12,7,7,0,0,0,2,36,7.2296,0.5215,3,0,5
0,12,3,3,0,0,0,0,55,4.1152,0.7515,14,0,9
0,12,3,3,0,0,0,0,47,2.999,0.7715,14,0,18
0,12,7,7,0,0,0,1,47,8.0492,0.6915,14,1,1
0,11,7,12,0,0,0,1,37,8.577,0.6215,3,0,0
0,12,12,10,0,0,0,2,50,9.3235,0.5815,3,0,6
0,12,7,3,0,0,0,3,30,4.7059,0.7515,14,0,1
0,17,17,16,0,0,0,1,48,9.1346,0.6615,3,0,2
0,NA,10,10,0,0,0,2,43,7.767,0.7215,5,1,15
0,11,7,7,0,NA,1,0,48,4.1269,0.7515,3,0,25
0,NA,7,17,0,0,1,2,41,10,0.6615,14,1,1
NA,12,10,7,0,0,0,0,50,4.0727,0.7515,7.5,1,0
0,8,3,3,0,0,0,0,58,7.8529,0.5815,7.5,0,0
0,13,16,NA,0,0,0,5,38,7.8168,0.6615,7.5,1,0
0,NA,12,7,0,0,0,1,37,9.1667,0.6615,5,0,8
0,16,7,12,0,0,0,0,50,29.644,NA,9.5,1,22
0,8,3,3,0,0,0,4,42,4.0761,0.7915,7.5,1,5
0,9,10,10,0,0,1,3,37,8.362,0.7215,9.5,1,10
0,16,17,16,0,0,0,2,NA,12.062,0.4415,9,1,1
0,12,7,10,0,0,0,2,31,2.3251,0.7515,3,0,1
0,12,7,7,0,NA,0,0,51,10.01,0.6615,5,1,6
0,12,7,7,0,0,1,2,36,5.2734,0.7515,5,0,4
0,15,16,14,0,0,0,0,54,10.417,0.6915,14,0,6
NA,12,7,7,0,0,0,0,49,7.5,0.7215,14,1,0
0,9,12,10,0,0,1,1,48,6.3521,0.7215,5,0,1
0,9,14,NA,0,0,0,2,42,3.8071,0.7215,9.5,0,3
0,12,16,3,0,0,1,2,41,9.9099,NA,9.5,1,15
0,16,12,12,NA,0,0,0,55,2.6701,0.7215,7.5,0,33
0,9,7,7,0,0,0,0,42,4.3956,0.7515,5,1,2
0,15,12,12,0,0,0,1,32,7.971,0.6615,7.5,1,1
0,12,7,7,0,0,0,2,43,15.429,0.5815,7.5,1,10
0,12,7,7,0,0,1,3,33,1.9854,0.7215,5,1,0
0,15,14,10,0,NA,0,1,48,7.2562,0.7215,9.5,1,14
0,12,16,3,0,0,0,2,43,7.0352,0.7215,7.5,NA,15
0,17,12,14,0,0,NA,3,47,8.1347,0.6915,7.5,1,15
0,12,12,12,0,0,0,0,54,11.981,0.5515,7.5,1,10
0,12,3,7,0,0,0,1,51,5.9922,0.6615,7.5,1,6
0,10,7,14,0,0,0,1,51,4.1458,0.7515,7.5,0,18
0,13,10,12,0,0,1,1,43,8.5102,0.6215,NA,0,15
0,12,3,0,0,0,0,0,53,2.9631,0.7515,3,NA,30
0,11,7,7,0,0,1,1,34,8.8149,0.6215,7.5,0,15
0,8,7,7,0,0,1,1,31,2.4955,0.7815,7.5,0,10
0,12,7,10,0,0,0,0,NA,4.8843,0.7515,7.5,1,0
0,16,7,12,0,0,0,NA,42,10.2,0.6615,9.5,1,0
0,12,14,12,0,0,0,2,32,10,0.6615,9.5,1,NA
0,12,12,12,0,0,NA,3,35,5.3571,0.8015,9.5,1,0
0,12,14,14,0,0,1,1,30,9.7959,0.6615,9.5,1,3
0,10,7,7,0,0,0,0,51,1.3741,0.7715,7.5,0,20
0,12,7,7,0,0,0,NA,47,3.463,0.7215,3,0,3
0,12,7,3,0,0,0,1,54,5.0408,0.7215,3,0,1
0,15,10,7,0,0,3,0,31,16.667,0.4415,7.5,1,5
0,10,7,7,0,0,0,0,47,4.3294,0.7515,5,1,NA
0,14,7,7,0,0,0,3,47,10.193,0.6915,11,1,6
0,12,7,7,0,0,0,3,40,7.5833,0.7215,7.5,1,2
0,8,3,3,0,0,0,0,48,4.1204,0.7515,7.5,0,0
0,NA,7,3,0,0,0,7,34,4.8077,0.9415,11,1,10
0,12,10,7,0,0,0,3,38,3.1531,0.7515,9.5,1,6
0,12,10,7,0,NA,1,3,32,19,0.4615,7.5,1,4
0,16,7,12,0,0,0,1,48,6.0535,0.6215,7.5,1,8
0,12,7,7,0,0,0,2,41,3.7875,0.7715,7.5,0,18
0,5,0,0,0,0,0,2,49,2.9287,0.7815,7.5,0,7
0,8,7,3,0,0,0,0,59,9.2972,0.6915,11,1,15
0,13,7,7,0,0,0,0,58,9.3827,0.6615,11,1,7
0,12,14,7,0,0,0,3,41,26.531,0.4415,14,1,8
0,12,10,10,0,NA,0,2,45,40.509,0.4415,14,1,8
0,14,10,12,0,0,1,1,30,15.16,0.6215,11,0,3
0,12,7,7,0,0,0,1,41,18.964,0.4415,7.5,1,10
0,12,10,10,0,0,2,0,NA,5.4152,0.7515,7.5,0,9
NA,12,7,12,0,0,0,1,53,1.9988,0.7515,7.5,1,24
0,12,7,10,0,0,0,0,31,8,0.6915,7.5,0,12
0,14,12,12,NA,0,0,2,43,11.153,0.6615,11,1,2
0,12,14,12,0,0,1,1,31,5.9524,NA,14,1,6
0,12,3,10,0,0,0,0,51,2.1194,0.7515,7.5,1,18
0,9,7,7,0,0,0,0,43,3.8384,0.7715,5,1,17
0,14,16,16,0,0,1,2,31,17.361,0.4915,5,1,7
0,11,10,7,0,0,0,0,48,8.0092,0.6915,9.5,1,6
0,12,7,12,0,0,1,1,31,3,0.8015,9.5,1,10
0,12,7,7,0,0,0,1,44,10.589,0.5815,7.5,1,5
0,11,7,10,0,0,0,1,NA,10.913,0.7215,7.5,1,7
0,12,0,0,0,0,0,1,53,5.6033,0.7215,7.5,1,11
0,10,3,3,0,0,0,3,42,7.9365,0.6615,11,1,NA
0,12,0,7,0,0,2,6,NA,2.9476,0.9415,9.5,1,5
0,10,3,7,0,0,1,2,32,2.0562,0.7915,7.5,0,2
0,12,12,7,0,0,0,2,36,1.3013,0.7915,14,0,4
0,13,10,NA,0,0,0,2,40,9.2715,0.6215,9.5,1,5
0,12,12,12,0,0,2,3,31,4.8638,0.7715,NA,0,14
0,12,3,10,0,0,0,0,43,1.0898,0.7515,7.5,0,4
0,12,12,12,NA,0,0,0,60,12.44,0.6215,14,1,15
0,9,7,7,0,0,0,3,39,6.0897,0.6915,11,1,12
